{"symptomWeights":{"fever":{"low":0.3,"medium":0.06818181818181818,"high":0.2857142857142857},"cough":{"low":0.3,"medium":0.06818181818181818,"high":0.02857142857142857},"sore throat":{"low":0.25,"medium":0,"high":0.02857142857142857},"runny or stuffy nose":{"low":0.1,"medium":0,"high":0},"muscle aches":{"low":0.15,"medium":0,"high":0.05714285714285714},"headache":{"low":0.15,"medium":0,"high":0.14285714285714285},"fatigue":{"low":0.2,"medium":0.25,"high":0.2},"mucus production":{"low":0.1,"medium":0,"high":0},"shortness of breath":{"low":0.1,"medium":0.1590909090909091,"high":0.11428571428571428},"chest pain":{"low":0.1,"medium":0.06818181818181818,"high":0.14285714285714285},"nausea":{"low":0.1,"medium":0.022727272727272728,"high":0.2571428571428571},"vomiting":{"low":0.1,"medium":0.022727272727272728,"high":0.3142857142857143},"lightheadedness":{"low":0,"medium":0.045454545454545456,"high":0.02857142857142857},"sweating":{"low":0,"medium":0,"high":0.05714285714285714},"sudden weakness":{"low":0,"medium":0,"high":0.05714285714285714},"numbness on one side of the body":{"low":0,"medium":0,"high":0.05714285714285714},"confusion":{"low":0,"medium":0.022727272727272728,"high":0.14285714285714285},"difficulty speaking":{"low":0,"medium":0,"high":0.05714285714285714},"trouble seeing in one eye":{"low":0,"medium":0,"high":0.05714285714285714},"severe headache":{"low":0,"medium":0,"high":0.05714285714285714},"lump":{"low":0,"medium":0.045454545454545456,"high":0},"unexplained weight loss":{"low":0,"medium":0.045454545454545456,"high":0.11428571428571428},"changes in bowel":{"low":0,"medium":0.045454545454545456,"high":0},"bladder habits":{"low":0,"medium":0.045454545454545456,"high":0},"persistent cough":{"low":0,"medium":0.045454545454545456,"high":0},"indigestion":{"low":0,"medium":0.06818181818181818,"high":0.02857142857142857},"unexplained bleeding or discharge":{"low":0,"medium":0.045454545454545456,"high":0},"increased thirst":{"low":0,"medium":0,"high":0.05714285714285714},"frequent urination":{"low":0.05,"medium":0,"high":0.08571428571428572},"blurred vision":{"low":0,"medium":0,"high":0.05714285714285714},"cuts that are slow to heal":{"low":0,"medium":0,"high":0.05714285714285714},"memory loss":{"low":0,"medium":0.022727272727272728,"high":0.08571428571428572},"difficulty thinking":{"low":0,"medium":0.022727272727272728,"high":0.08571428571428572},"changes in personality or behavior":{"low":0,"medium":0.022727272727272728,"high":0.08571428571428572},"pain":{"low":0.05,"medium":0.11363636363636363,"high":0.02857142857142857},"stiffness":{"low":0,"medium":0.06818181818181818,"high":0},"swelling":{"low":0,"medium":0.11363636363636363,"high":0.02857142857142857},"inflammation in the joints":{"low":0,"medium":0.045454545454545456,"high":0},"conjunctivitis":{"low":0.05,"medium":0,"high":0},"rash":{"low":0.15,"medium":0,"high":0.02857142857142857},"pink eye":{"low":0.05,"medium":0,"high":0},"diarrhea":{"low":0.1,"medium":0.09090909090909091,"high":0.05714285714285714},"jaundice":{"low":0,"medium":0,"high":0.02857142857142857},"liver damage":{"low":0,"medium":0,"high":0.05714285714285714},"death":{"low":0,"medium":0,"high":0.02857142857142857},"physical dependence on alcohol":{"low":0,"medium":0,"high":0.02857142857142857},"tolerance to alcohol":{"low":0,"medium":0,"high":0.02857142857142857},"withdrawal symptoms":{"low":0,"medium":0,"high":0.02857142857142857},"impaired judgment":{"low":0,"medium":0,"high":0.02857142857142857},"memory problems":{"low":0,"medium":0,"high":0.02857142857142857},"heart disease":{"low":0,"medium":0,"high":0.02857142857142857},"cancer":{"low":0,"medium":0,"high":0.02857142857142857},"runny nose":{"low":0.1,"medium":0,"high":0.02857142857142857},"sneezing":{"low":0.1,"medium":0,"high":0},"itchy eyes":{"low":0.05,"medium":0,"high":0},"itchy nose":{"low":0.05,"medium":0,"high":0},"throat":{"low":0.05,"medium":0,"high":0},"palate":{"low":0.05,"medium":0,"high":0},"pale skin":{"low":0,"medium":0.045454545454545456,"high":0},"dizziness":{"low":0,"medium":0.045454545454545456,"high":0.02857142857142857},"excessive worry":{"low":0,"medium":0.022727272727272728,"high":0},"fear":{"low":0,"medium":0.022727272727272728,"high":0},"anxiety that interfere with daily life":{"low":0,"medium":0.022727272727272728,"high":0},"pain in the lower right abdomen":{"low":0,"medium":0,"high":0.05714285714285714},"difficulty with social interaction":{"low":0,"medium":0.022727272727272728,"high":0},"repetitive behaviors":{"low":0,"medium":0.022727272727272728,"high":0},"restricted interests":{"low":0,"medium":0.022727272727272728,"high":0},"wheezing":{"low":0,"medium":0.022727272727272728,"high":0},"coughing":{"low":0,"medium":0.022727272727272728,"high":0},"chest tightness":{"low":0,"medium":0.022727272727272728,"high":0},"stiff neck":{"low":0,"medium":0,"high":0.08571428571428572},"sensitivity to light":{"low":0,"medium":0,"high":0.08571428571428572},"extreme mood swings":{"low":0,"medium":0.045454545454545456,"high":0},"from manito depression":{"low":0,"medium":0.045454545454545456,"high":0},"blood in the urine":{"low":0.05,"medium":0,"high":0.08571428571428572},"pain or burning when urinating":{"low":0,"medium":0,"high":0.02857142857142857},"urgency to urinate":{"low":0.05,"medium":0,"high":0.02857142857142857},"incontinence":{"low":0,"medium":0,"high":0.02857142857142857},"redness":{"low":0.05,"medium":0,"high":0.02857142857142857},"warmth":{"low":0,"medium":0,"high":0.02857142857142857},"tenderness in the affected area":{"low":0,"medium":0,"high":0.02857142857142857},"difficulty breathing":{"low":0,"medium":0,"high":0.02857142857142857},"coughing up blood":{"low":0,"medium":0,"high":0.02857142857142857},"inflammation in bursa":{"low":0,"medium":0.022727272727272728,"high":0},"which is small sac of fluid that cushions joints":{"low":0,"medium":0.022727272727272728,"high":0},"abnormal pap test results":{"low":0,"medium":0,"high":0.05714285714285714},"abnormal vaginal bleeding":{"low":0,"medium":0,"high":0.05714285714285714},"pain during sex":{"low":0,"medium":0,"high":0.05714285714285714},"chronic bronchitis":{"low":0,"medium":0.022727272727272728,"high":0},"emphysema":{"low":0,"medium":0.022727272727272728,"high":0},"high levels of cholesterol in the blood":{"low":0,"medium":0.022727272727272728,"high":0},"congestion":{"low":0.05,"medium":0,"high":0},"red":{"low":0.05,"medium":0.022727272727272728,"high":0},"itchy":{"low":0.05,"medium":0.022727272727272728,"high":0},"watery eyes":{"low":0.05,"medium":0,"high":0},"sadness":{"low":0,"medium":0.022727272727272728,"high":0},"hopelessness":{"low":0,"medium":0.022727272727272728,"high":0},"loss of interest in activities":{"low":0,"medium":0.022727272727272728,"high":0},"changes in appetite":{"low":0,"medium":0.022727272727272728,"high":0},"sleep":{"low":0,"medium":0.022727272727272728,"high":0},"energy levels":{"low":0,"medium":0.022727272727272728,"high":0},"loose":{"low":0.05,"medium":0,"high":0},"watery stools":{"low":0.05,"medium":0,"high":0},"disturbance in eating behavior that can lead to serious health problems":{"low":0,"medium":0.022727272727272728,"high":0},"seizures":{"low":0,"medium":0.045454545454545456,"high":0},"elevated body temperature":{"low":0.05,"medium":0,"high":0},"abdominal cramps":{"low":0.1,"medium":0,"high":0},"pain in the upper right abdomen":{"low":0,"medium":0,"high":0.02857142857142857},"sexually transmitted infection that can cause burning during urination":{"low":0,"medium":0,"high":0.02857142857142857},"discharge from the penis or vagina":{"low":0,"medium":0,"high":0.02857142857142857},"pain in the lower abdomen":{"low":0,"medium":0,"high":0.02857142857142857},"fainting":{"low":0,"medium":0,"high":0.02857142857142857},"inflammation of the liver":{"low":0,"medium":0.022727272727272728,"high":0},"sexually transmitted infection that can cause blisters on the genitals":{"low":0,"medium":0,"high":0.02857142857142857},"mouth":{"low":0,"medium":0,"high":0.02857142857142857},